{
  "system_type": "original",
  "n_personas": 100,
  "embedding_spread": {
    "mean_pairwise_distance": 0.9568818595511606,
    "std_pairwise_distance": 0.12629856411212417,
    "min_distance": 0.39050348590384415,
    "max_distance": 1.213205347220472,
    "distance_range": 0.8227018613166279,
    "dimension_variances": [
      0.0009401760180480778,
      0.0015503293834626675,
      0.001107489806599915,
      0.0015431152423843741,
      0.0010816778521984816,
      0.0008055929793044925,
      0.000719265139196068,
      0.0012011458165943623,
      0.0010619981912896037,
      0.0009959780145436525,
      0.001048559439368546,
      0.0010491198627278209,
      0.002228704048320651,
      0.0007731193909421563,
      0.001114792306907475,
      0.0018430204363539815,
      0.0015583742642775178,
      0.0010690578492358327,
      0.0020349263213574886,
      0.001965801464393735,
      0.0009172353311441839,
      0.0007958587375469506,
      0.0007233701762743294,
      0.0012780431425198913,
      0.0009536388679407537,
      0.0010876264423131943,
      0.000631868839263916,
      0.001043367083184421,
      0.000882387685123831,
      0.000836316728964448,
      0.002062989166006446,
      0.0015711566666141152,
      0.001232977258041501,
      0.0011492063058540225,
      0.0012396273668855429,
      0.0017381665529683232,
      0.0010040317429229617,
      0.0017357028555124998,
      0.0012365137226879597,
      0.0006077601574361324,
      0.002216302091255784,
      0.0012641353532671928,
      0.0010758828138932586,
      0.000726394122466445,
      0.0013266658643260598,
      0.001067525940015912,
      0.0011641154997050762,
      0.0012217297917231917,
      0.0008952305652201176,
      0.002243627794086933,
      0.0014473299961537123,
      0.0010538083733990788,
      0.002571525052189827,
      0.001963760470971465,
      0.0013012099079787731,
      0.001117846230044961,
      0.0007782335742376745,
      0.0009369177860207856,
      0.00101536198053509,
      0.001366229960694909,
      0.0011569620110094547,
      0.0009575948934070766,
      0.0008874016348272562,
      0.0005700921756215394,
      0.0012105490313842893,
      0.0020414958707988262,
      0.0019409931264817715,
      0.0008868888253346086,
      0.0008543938165530562,
      0.0007268583867698908,
      0.0009192574070766568,
      0.00089565000962466,
      0.0011320628691464663,
      0.0009854300878942013,
      0.0010383710032328963,
      0.0016479623736813664,
      0.0014063067501410842,
      0.0007749284850433469,
      0.0011951365740969777,
      0.0015569336246699095,
      0.0013359737349674106,
      0.0008335994789376855,
      0.002597423270344734,
      0.0010701922001317143,
      0.0008719668257981539,
      0.0009139932226389647,
      0.0008997877012006938,
      0.0007452270365320146,
      0.001227942993864417,
      0.0015036603435873985,
      0.000871222757268697,
      0.001441391883417964,
      0.0008332690340466797,
      0.0010909332195296884,
      0.0012953625991940498,
      0.0014549060724675655,
      0.0013495470630005002,
      0.0007638602983206511,
      0.002261989749968052,
      0.00031671070610173047,
      0.002044141525402665,
      0.0013656563824042678,
      0.000998804927803576,
      0.000979785225354135,
      0.0006854122621007264,
      0.0013018931495025754,
      0.001517550670541823,
      0.0013329136418178678,
      0.0009687657584436238,
      0.001210385118611157,
      0.0013849107781425118,
      0.001115887425839901,
      0.0018098573200404644,
      0.0008606007904745638,
      0.0011648768559098244,
      0.0009073979454115033,
      0.0012139701284468174,
      0.0008124124142341316,
      0.0017480585956946015,
      0.0012475093826651573,
      0.0010237396927550435,
      0.0008610018994659185,
      0.0010939278872683644,
      0.001746191643178463,
      0.0008081810083240271,
      0.0015971180982887745,
      0.001031271880492568,
      0.0,
      0.0011690619867295027,
      0.0007262737490236759,
      0.0014287331141531467,
      0.0006227499688975513,
      0.0010620832908898592,
      0.001028605503961444,
      0.0008459697710350156,
      0.001658712630160153,
      0.0009980236645787954,
      0.0006614072481170297,
      0.0011840338120236993,
      0.0007972129969857633,
      0.0007784965564496815,
      0.0022779940627515316,
      0.000884784443769604,
      0.0011259891325607896,
      0.0018693367019295692,
      0.0009910796070471406,
      0.0008692507981322706,
      0.0015759558882564306,
      0.0010523850796744227,
      0.001200453145429492,
      0.0005128370830789208,
      0.0010635658400133252,
      0.001260399236343801,
      0.0016076324973255396,
      0.0010857048910111189,
      0.002080729231238365,
      0.0010083765955641866,
      0.000547693925909698,
      0.0014568982878699899,
      0.001529316883534193,
      0.001151900039985776,
      0.0009941310854628682,
      0.0009971684776246548,
      0.0006400671554729342,
      0.0010503227822482586,
      0.0009545443463139236,
      0.0008184341131709516,
      0.0016527366824448109,
      0.0018763894913718104,
      0.0009625886450521648,
      0.0014927643351256847,
      0.0010619531385600567,
      0.0005568655324168503,
      0.0015591408591717482,
      0.0010471950517967343,
      0.0010919804917648435,
      0.0008173955138772726,
      0.0017973491922020912,
      0.0012632693396881223,
      0.0007475992315448821,
      0.0011030653258785605,
      0.0019049695692956448,
      0.000915604061447084,
      0.0009429099154658616,
      0.0010171198518946767,
      0.0008950223564170301,
      0.0013720160350203514,
      0.0007588424487039447,
      0.0011247267248108983,
      0.0009478466818109155,
      0.0006490892264991999,
      0.0014751468552276492,
      0.0031223155092447996,
      0.0014709874521940947,
      0.0012198247713968158,
      0.002705085789784789,
      0.0008699885802343488,
      0.001301327021792531,
      0.0010082318913191557,
      0.0009665086981840432,
      0.0010344457114115357,
      0.0014250710373744369,
      0.0017944674473255873,
      0.0006783311255276203,
      0.002290792530402541,
      0.0010855254950001836,
      0.001469866489060223,
      0.0009885388426482677,
      0.0013284181477501988,
      0.0006957974401302636,
      0.0007315919501706958,
      0.0007434452418237925,
      0.0019904938526451588,
      0.001445838832296431,
      0.0011709496611729264,
      0.00070882000727579,
      0.002079963916912675,
      0.0013075548922643065,
      0.0012341352412477136,
      0.0009724851697683334,
      0.0013998093781992793,
      0.0010109535651281476,
      0.0011292829876765609,
      0.0,
      0.0015708631835877895,
      0.0009053623070940375,
      0.0009186638053506613,
      0.0010734976967796683,
      0.001958324806764722,
      0.0008927919552661479,
      0.0008264368516393006,
      0.0014737187884747982,
      0.000840971595607698,
      0.0017880204832181334,
      0.000886597263161093,
      0.002041255123913288,
      0.0007854229188524187,
      0.001083195093087852,
      0.0009837653487920761,
      0.0004811000544577837,
      0.001073981518857181,
      0.000970636960119009,
      0.002404836006462574,
      0.0009146992233581841,
      0.0024812729097902775,
      0.0009437628323212266,
      0.0011018967488780618,
      0.0008761207573115826,
      0.0009473607060499489,
      0.0009378314716741443,
      0.0012493198737502098,
      0.0008582090376876295,
      0.0011851805029436946,
      0.001462584245018661,
      0.0017223056638613343,
      0.0010029320837929845,
      0.001027006539516151,
      0.001145432237535715,
      0.0008163000456988811,
      0.0012509636580944061,
      0.001103888964280486,
      0.001196791185066104,
      0.0008493374916724861,
      0.001335516688413918,
      0.0013580108061432838,
      0.0013593010371550918,
      0.0007386742508970201,
      0.000822888920083642,
